<?xml version="1.0" encoding="iso-8859-1"?>

<!--
  Please see the license.html file included with this distribution for
  attribution and copyright information.
-->

<root>

	<windowclass name="charsheet_sensescombat">
		<margins control="0,0,0,10" />
		<sheetdata>
			<anchor_column name="columnanchor" />

			<label_charframetop name="sensestitle">
				<anchored height="20">
					<top parent="columnanchor" anchor="bottom" relation="relative" offset="15" />
					<left offset="15" />
					<right offset="-10" />
				</anchored>
				<icons>char_senses</icons>
			</label_charframetop>
			<stringu name="senses">
				<anchored>
					<top parent="columnanchor" anchor="bottom" relation="relative" offset="10" />
					<left offset="10" />
					<right offset="-52" />
				</anchored>
				<multilinespacing>20</multilinespacing>
			</stringu>
			<label_charfieldtop>
				<anchored to="senses" offset="0,10" />
				<static textres="char_label_senses" />
			</label_charfieldtop>
			<number_charmain_skill_passive name="perception">
				<anchored to="sensestitle">
					<top anchor="bottom" offset="10" />
					<right offset="-5" />
				</anchored>
				<skill>skill_value_perception</skill>
			</number_charmain_skill_passive>
			<label_charfieldtop>
				<anchored to="perception" offset="3,10" />
				<static textres="char_label_perception" />
				<tooltip textres="skill_value_perception" />
			</label_charfieldtop>

			<label_charframetop name="combattitle">
				<anchored height="20">
					<top parent="columnanchor" anchor="bottom" relation="relative" offset="15" />
					<left offset="15" />
					<right offset="-10" />
				</anchored>
				<icons>char_init</icons>
			</label_charframetop>
			<number_chartotalac name="ac" source="defenses.ac.total">
				<anchored to="combattitle" width="30" height="40">
					<top anchor="bottom" offset="10" />
					<left anchor="center" offset="-70" />
				</anchored>
				<frame name="acicon" offset="2,0,2,4" />
			</number_chartotalac>
			<button_armorprof name="armorprof" source="defenses.ac.prof">
				<anchored to="ac" />
			</button_armorprof>
			<label_charfieldtop>
				<anchored to="ac" offset="0,10" />
				<static textres="ac" />
			</label_charfieldtop>
			<number_charinit name="initiative" source="initiative.total">
				<anchored to="combattitle" width="40" height="30">
					<top anchor="bottom" relation="relative" offset="15" />
					<left anchor="center" offset="-20" />
				</anchored>
			</number_charinit>
			<label_charfieldtop>
				<anchored to="initiative" offset="0,15" />
				<static textres="char_label_initiative" />
			</label_charfieldtop>
			<number_charspeed name="speed" source="speed.total">
				<anchored to="initiative" position="righthigh" offset="20,0" width="40" height="30" />
			</number_charspeed>
			<label_charfieldtop>
				<anchored to="speed" offset="0,15" />
				<static textres="char_label_speed" />
			</label_charfieldtop>
			<button_charcombatcalc name="button_combatcalc">
				<anchored to="ac" position="lefthigh" offset="15,5" />
			</button_charcombatcalc>

			<string_labeled name="speedspecial" source="speed.special">
				<anchored to="combattitle">
					<top anchor="bottom" relation="relative" offset="5" />
					<left offset="-5" />
					<right offset="5" />
				</anchored>
				<labelres>char_label_speedspecial</labelres>
				<multilinespacing>20</multilinespacing>
			</string_labeled>
			<string_labeled name="specialdef" source="defenses.special">
				<anchored to="combattitle">
					<top anchor="bottom" relation="relative" offset="5" />
					<left offset="-5" />
					<right offset="5" />
				</anchored>
				<labelres>char_label_specialdef</labelres>
				<multilinespacing>20</multilinespacing>
			</string_labeled>
<!-- **************************** -->

			<label_charframetop name="corruptiontitle">
				<anchored height="20" to="combattitle">
					<top anchor="bottom" relation="relative" offset="30" />
					<left offset="0" />
					<right offset="0" />
				</anchored>
				<icons>char_senses</icons>
			</label_charframetop>

			<!-- Corruption save button, uses Wisdom modifier -->
			<number_corruptionsave name="corruptionsave" source="abilities.wisdom.save">
				<anchored to="corruptiontitle" width="40" height="30">
					<top anchor="bottom" relation="relative" offset="15" />
					<left anchor="center" offset="-110" />
				</anchored>
				<target>wisdom</target>
				<modifierfield>abilities.wisdom.savemodifier</modifierfield>
			</number_corruptionsave>
			<label_chardefense>
				<anchored to="corruptionsave" />
				<static textres="COR" />
			</label_chardefense>

			<label_charfieldtop>
				<anchored to="corruptionsave" offset="0,15" />
				<static textres="char_label_corruption" />
				<tooltip textres="char_tooltip_corruption" />
				<font>subwindowsmalltitle</font>
				<centre />
			</label_charfieldtop>



			<number_charshadow name="shadow" source="shadow.total">
				<anchored to="corruptionsave" width="40" height="30" position="righthigh" offset="20,0" />
			</number_charshadow>

			<!-- this label doesn't show up, not sure why -->
			<label_charfieldtop>
				<anchored to="shadow" offset="0,15" />
				<static textres="char_label_shadow" />
				<tooltip textres="char_tooltip_shadow" />
				<font>subwindowsmalltitle</font>
				<centre />
			</label_charfieldtop>


			<number_charshadowpermanent name="shadowpermanent" source="shadowpermanent.total">
				<anchored to="shadow" position="righthigh" offset="20,0" width="40" height="30" />
			</number_charshadowpermanent>

			<label_charfieldtop>
				<anchored to="shadowpermanent" offset="0,15" />
				<static textres="char_label_shadowpermanent" />
				<tooltip textres="char_tooltip_shadowpermanent" />
				<font>subwindowsmalltitle</font>
				<centre />
			</label_charfieldtop>


			<buttongroup_counter name="miserable">
				<anchored to="shadowpermanent" position="righthigh" offset="20,0" width="40" height="30" />
				<tooltip textres="char_tooltip_miserable" />
				<sourcefields><current>miserable</current></sourcefields>
				<values><maximum>1</maximum></values>
			</buttongroup_counter>

			<!-- this label just shows M, not MIS, not sure why -->
			<!--<label_charfieldtop>
				<anchored to="miserable" offset="0,15" />
				<static textres="char_label_miserable" />
				<tooltip textres="char_tooltip_miserable" />
			</label_charfieldtop>-->

			<label>
				<anchored to="miserable" position="lefthigh" offset="-33,-35" width="40" height="20" />
				<static textres="char_label_miserable" />
				<tooltip textres="char_tooltip_miserable" />
				<font>subwindowsmalltitle</font>
				<centre />
			</label>

			<buttongroup_counter name="madness">
				<anchored to="miserable" position="righthigh" offset="20,0" width="40" height="30" />
				<tooltip textres="char_tooltip_madness" />
				<sourcefields><current>madness</current></sourcefields>
				<values><maximum>1</maximum></values>
			</buttongroup_counter>

			<!-- this label just shows M, not MAD, not sure why -->
			<label>
				<anchored to="madness" position="lefthigh" offset="-33,-35" width="40" height="20" />
				<static textres="char_label_madness" />
				<tooltip textres="char_tooltip_madness" />
				<font>subwindowsmalltitle</font>
				<centre />
			</label>

			<!-- this add exhaustion levels-->
			<buttongroup_counter name="exhaustionsave">
				<anchored to="speed" position="righthigh" offset="20,8" />
				<allowsinglespacing />
				<sourcefields>
					<current>hp.exhaustionsave</current>
				</sourcefields>
				<values>
					<maximum>3</maximum>
				</values>
			</buttongroup_counter>


			<stringcontrol name="exhaustionsave_label">
				<anchored to="exhaustionsave"  position="lefthigh" offset="-43,-15" width="60" height="20"/>
				<font>sheetlabelmini</font>
				<nodrag />
				<static textres="char_label_exhaustionsave" />
				<center />
			</stringcontrol>

			<buttongroup_counter name="exhaustionsavel2">
				<anchored to="exhaustionsave" position="belowright" offset="0,2" />
				<allowsinglespacing />
				<sourcefields>
					<current>hp.exhaustionsavel2</current>
				</sourcefields>
				<values>
					<maximum>3</maximum>
				</values>
			</buttongroup_counter>

<!-- **************************** -->
		</sheetdata>
	</windowclass>

</root>
